Year,DeparturePeriod,scheduled_flights,completed_arrivals,late_completed_arrivals,late_arrival_delay_minutes,CarrierDelay_minutes,WeatherDelay_minutes,NASDelay_minutes,SecurityDelay_minutes,LateAircraftDelay_minutes,late_rate_completed_pct,attributed_minutes,late_aircraft_share_pct,carrier_share_pct
2020,Early morning,1331910,1246278,98655,6506327.0,3483921.0,501900.0,1574836.0,12963.0,932198.0,7.92,6505818.0,14.33,53.55
2020,Evening,1498500,1404243,165089,10166063.0,3759701.0,812402.0,2066389.0,24240.0,3503331.0,11.76,10166063.0,34.46,36.98
2020,Midday,1822935,1715766,164705,10009439.0,3898197.0,574237.0,2145916.0,25237.0,3365852.0,9.6,10009439.0,33.63,38.95
2021,Early morning,1703456,1672712,178958,12149484.0,7129276.0,733976.0,2120569.0,57356.0,2108287.0,10.7,12149464.0,17.35,58.68
2021,Evening,1961240,1916546,443430,29699398.0,10590255.0,2212188.0,4316604.0,91095.0,12489256.0,23.14,29699398.0,42.05,35.66
2021,Midday,2270766,2230238,376644,23957996.0,9068854.0,1602889.0,4592952.0,74180.0,8619121.0,16.89,23957996.0,35.98,37.85
2022,Early morning,1948837,1895482,242915,17164449.0,9718602.0,1082739.0,3115498.0,50303.0,3197307.0,12.82,17164449.0,18.63,56.62
2022,Evening,2265945,2187416,619833,42122106.0,14793438.0,2293951.0,6227854.0,84446.0,18722417.0,28.34,42122106.0,44.45,35.12
2022,Midday,2440975,2377773,497866,32184534.0,11758901.0,1730734.0,6086558.0,59454.0,12548887.0,20.94,32184534.0,38.99,36.54
2023,Early morning,1990251,1965591,242803,17275148.0,9116255.0,876025.0,3406706.0,40271.0,3835660.0,12.35,17274917.0,22.2,52.77
2023,Evening,2334055,2288137,641366,45220600.0,14408801.0,2449584.0,7155903.0,102207.0,21104051.0,28.03,45220546.0,46.67,31.86
2023,Midday,2442970,2410489,483986,31791873.0,10689612.0,1641943.0,6603513.0,61867.0,12794938.0,20.08,31791873.0,40.25,33.62
2024,Early morning,2067230,2038224,250135,18565048.0,9384707.0,1268155.0,3900391.0,32226.0,3979569.0,12.27,18565048.0,21.44,50.55
2024,Evening,2394989,2348554,673211,48553535.0,14547792.0,2910753.0,8231295.0,97571.0,22765818.0,28.66,48553229.0,46.89,29.96
2024,Midday,2538571,2501722,510461,35489045.0,11336470.0,1986160.0,7362354.0,48305.0,14755756.0,20.4,35489045.0,41.58,31.94
